product,deal,price,span,url,img,store,state,postcode
GARNIER Fructis Normal Strength & Shine Conditioner, 850 Millilitre, $9.60,$9.60 was $16.00$1.13/100ml,https://new.igashop.com.au/sm/pickup/rsid/52511/product/garnier-fructis-normal-strength-&-shine-conditioner-271428,"https://cdn.metcash.media/image/upload/w_1500,h_1500,c_pad,b_auto/igashop/images/271428.jpg",IGA,NSW,2060
GARNIER Fructis Normal Strength & Shine Conditioner, 315 Millilitre, $4.50,$4.50 was $7.50$1.43/100ml,https://new.igashop.com.au/sm/pickup/rsid/52511/product/garnier-fructis-normal-strength-&-shine-conditioner-271850,"https://cdn.metcash.media/image/upload/w_1500,h_1500,c_pad,b_auto/igashop/images/271850.jpg",IGA,NSW,2060
GARNIER Fructis Normal Strength & Shine Shampoo, 850 Millilitre, $9.60,$9.60 was $16.00$1.13/100ml,https://new.igashop.com.au/sm/pickup/rsid/52511/product/garnier-fructis-normal-strength-&-shine-shampoo-269175,"https://cdn.metcash.media/image/upload/w_1500,h_1500,c_pad,b_auto/igashop/images/269175.jpg",IGA,NSW,2060
GARNIER Fructis Normal Strength & Shine Shampoo, 315 Millilitre, $4.50,$4.50 was $7.50$1.43/100ml,https://new.igashop.com.au/sm/pickup/rsid/52511/product/garnier-fructis-normal-strength-&-shine-shampoo-271800,"https://cdn.metcash.media/image/upload/w_1500,h_1500,c_pad,b_auto/igashop/images/271800.jpg",IGA,NSW,2060
GARNIER Fructis Smoothing Macadamia Hair Food, 390 Millilitre, $8.40,$8.40 was $14.00$2.15/100ml,https://new.igashop.com.au/sm/pickup/rsid/52511/product/garnier-fructis-smoothing-macadamia-hair-food-966963,"https://cdn.metcash.media/image/upload/w_1500,h_1500,c_pad,b_auto/igashop/images/966963.jpg",IGA,NSW,2060
GARNIER Micellar Cleansing Water All In 1 Normal to Sensitive Skin, 400 Millilitre, $9.00,$9.00 was $15.00$2.25/100ml,https://new.igashop.com.au/sm/pickup/rsid/52511/product/garnier-micellar-cleansing-water-all-in-1-normal-to-sensitive-skin-115172,"https://cdn.metcash.media/image/upload/w_1500,h_1500,c_pad,b_auto/igashop/images/115172.jpg",IGA,NSW,2060
GARNIER Olia 4.0 Dark Brown, 1 Each, $12.00,$12.00 was $20.00,https://new.igashop.com.au/sm/pickup/rsid/52511/product/garnier-olia-40-dark-brown-399462,"https://cdn.metcash.media/image/upload/w_1500,h_1500,c_pad,b_auto/igashop/images/399462.jpg",IGA,NSW,2060
GARNIER Olia 5.0 Brown, 1 Each, $12.00,$12.00 was $20.00,https://new.igashop.com.au/sm/pickup/rsid/52511/product/garnier-olia-50-brown-399399,"https://cdn.metcash.media/image/upload/w_1500,h_1500,c_pad,b_auto/igashop/images/399399.jpg",IGA,NSW,2060
GARNIER Olia 5.3 Golden Brown, 1 Each, $12.00,$12.00 was $20.00,https://new.igashop.com.au/sm/pickup/rsid/52511/product/garnier-olia-53-golden-brown-293873,"https://cdn.metcash.media/image/upload/w_1500,h_1500,c_pad,b_auto/igashop/images/293873.jpg",IGA,NSW,2060
GARNIER Olia 6.0 Light Brown, 1 Each, $12.00,$12.00 was $20.00,https://new.igashop.com.au/sm/pickup/rsid/52511/product/garnier-olia-60-light-brown-399470,"https://cdn.metcash.media/image/upload/w_1500,h_1500,c_pad,b_auto/igashop/images/399470.jpg",IGA,NSW,2060
GARNIER Olia 7.0 Dark Blonde, 1 Each, $12.00,$12.00 was $20.00,https://new.igashop.com.au/sm/pickup/rsid/52511/product/garnier-olia-70-dark-blonde-399496,"https://cdn.metcash.media/image/upload/w_1500,h_1500,c_pad,b_auto/igashop/images/399496.jpg",IGA,NSW,2060
GARNIER Olia Permanent Hair Colour 1.0 Deep Black, 1 Each, $12.00,$12.00 was $20.00,https://new.igashop.com.au/sm/pickup/rsid/52511/product/garnier-olia-permanent-hair-colour-10-deep-black-294015,"https://cdn.metcash.media/image/upload/w_1500,h_1500,c_pad,b_auto/igashop/images/294015.jpg",IGA,NSW,2060
GARNIER Olia Permanent Hair Colour 4.15 Iced Chocolate, 1 Each, $12.00,$12.00 was $20.00,https://new.igashop.com.au/sm/pickup/rsid/52511/product/garnier-olia-permanent-hair-colour-415-iced-chocolate-399373,"https://cdn.metcash.media/image/upload/w_1500,h_1500,c_pad,b_auto/igashop/images/399373.jpg",IGA,NSW,2060
GARNIER Pure Active 3 In 1 Face Mask Wash & Scrub, 150 Millilitre, $8.10,$8.10 was $13.50$5.40/100ml,https://new.igashop.com.au/sm/pickup/rsid/52511/product/garnier-pure-active-3-in-1-face-mask-wash-&-scrub-381090,"https://cdn.metcash.media/image/upload/w_1500,h_1500,c_pad,b_auto/igashop/images/381090.jpg",IGA,NSW,2060
GARNIER Pure Skin Facial Cleanser Deep Pore Wash, 150 Millilitre, $8.10,$8.10 was $13.50$5.40/100ml,https://new.igashop.com.au/sm/pickup/rsid/52511/product/garnier-pure-skin-facial-cleanser-deep-pore-wash-927228,"https://cdn.metcash.media/image/upload/w_1500,h_1500,c_pad,b_auto/igashop/images/927228.jpg",IGA,NSW,2060
GARNIER Skin Naturals Micellar Cleansing Water For Sensitive Skin, 125 Millilitre, $4.50,$4.50 was $7.50$3.60/100ml,https://new.igashop.com.au/sm/pickup/rsid/52511/product/garnier-skin-naturals-micellar-cleansing-water-for-sensitive-skin-612933,"https://cdn.metcash.media/image/upload/w_1500,h_1500,c_pad,b_auto/igashop/images/612933.jpg",IGA,NSW,2060
GARNIER Skin Naturals Micellar Cleansing Wipes, 25 Each, $4.80,$4.80 was $8.00$0.19 each,https://new.igashop.com.au/sm/pickup/rsid/52511/product/garnier-skin-naturals-micellar-cleansing-wipes-402176,"https://cdn.metcash.media/image/upload/w_1500,h_1500,c_pad,b_auto/igashop/images/402176.jpg",IGA,NSW,2060
Gatorade Arctic Blitz Sports Drink, 600 Millilitre, $2.25,$2.25 was $3.80$0.38/100ml,https://new.igashop.com.au/sm/pickup/rsid/52511/product/gatorade-arctic-blitz-sports-drink-784324,"https://cdn.metcash.media/image/upload/w_1500,h_1500,c_pad,b_auto/igashop/images/784324.jpg",IGA,NSW,2060
Gatorade Berry Chill Sports Drink, 600 Millilitre, $2.25,$2.25 was $3.80$0.38/100ml,https://new.igashop.com.au/sm/pickup/rsid/52511/product/gatorade-berry-chill-sports-drink-405899,"https://cdn.metcash.media/image/upload/w_1500,h_1500,c_pad,b_auto/igashop/images/405899.jpg",IGA,NSW,2060
Gatorade Blue Bolt Sports Drink, 600 Millilitre, $2.25,$2.25 was $3.80$0.38/100ml,https://new.igashop.com.au/sm/pickup/rsid/52511/product/gatorade-blue-bolt-sports-drink-658112,"https://cdn.metcash.media/image/upload/w_1500,h_1500,c_pad,b_auto/igashop/images/658112.jpg",IGA,NSW,2060
Gatorade G Active Mango Electrolyte Water Bottle, 600 Millilitre, $2.25,$2.25 was $3.85$0.38/100ml,https://new.igashop.com.au/sm/pickup/rsid/52511/product/gatorade-g-active-mango-electrolyte-water-bottle-848136,"https://cdn.metcash.media/image/upload/w_1500,h_1500,c_pad,b_auto/igashop/images/848136.jpg",IGA,NSW,2060
Gatorade G Active Orange Electrolyte Water Bottle, 600 Millilitre, $2.25,$2.25 was $3.85$0.38/100ml,https://new.igashop.com.au/sm/pickup/rsid/52511/product/gatorade-g-active-orange-electrolyte-water-bottle-767767,"https://cdn.metcash.media/image/upload/w_1500,h_1500,c_pad,b_auto/igashop/images/767767.jpg",IGA,NSW,2060
Gatorade G-active Electrolyte Water Lemon Flavoured No Sugar, 600 Millilitre, $2.25,$2.25 was $3.85$0.38/100ml,https://new.igashop.com.au/sm/pickup/rsid/52511/product/gatorade-gactive-electrolyte-water-lemon-flavoured-no-sugar-767908,"https://cdn.metcash.media/image/upload/w_1500,h_1500,c_pad,b_auto/igashop/images/767908.jpg",IGA,NSW,2060
Gatorade Grape Sports Drink, 600 Millilitre, $2.25,$2.25 was $3.80$0.38/100ml,https://new.igashop.com.au/sm/pickup/rsid/52511/product/gatorade-grape-sports-drink-498821,"https://cdn.metcash.media/image/upload/w_1500,h_1500,c_pad,b_auto/igashop/images/498821.jpg",IGA,NSW,2060
Gatorade Lemon Lime Sports Drink, 600 Millilitre, $2.25,$2.25 was $3.80$0.38/100ml,https://new.igashop.com.au/sm/pickup/rsid/52511/product/gatorade-lemon-lime-sports-drink-658099,"https://cdn.metcash.media/image/upload/w_1500,h_1500,c_pad,b_auto/igashop/images/658099.jpg",IGA,NSW,2060
Gatorade No Sugar Berry Sports Drink, 600 Millilitre, $2.25,$2.25 was $3.80$0.38/100ml,https://new.igashop.com.au/sm/pickup/rsid/52511/product/gatorade-no-sugar-berry-sports-drink-170614,"https://cdn.metcash.media/image/upload/w_1500,h_1500,c_pad,b_auto/igashop/images/170614.jpg",IGA,NSW,2060
Gatorade No Sugar Glacier Freeze Sports Drink, 600 Millilitre, $2.25,$2.25 was $3.80$0.38/100ml,https://new.igashop.com.au/sm/pickup/rsid/52511/product/gatorade-no-sugar-glacier-freeze-sports-drink-160000011921,"https://cdn.metcash.media/image/upload/w_1500,h_1500,c_pad,b_auto/igashop/images/160000011921.jpg",IGA,NSW,2060
Gatorade No Sugar Orange Sports Drink, 600 Millilitre, $2.25,$2.25 was $3.80$0.38/100ml,https://new.igashop.com.au/sm/pickup/rsid/52511/product/gatorade-no-sugar-orange-sports-drink-160000011920,"https://cdn.metcash.media/image/upload/w_1500,h_1500,c_pad,b_auto/igashop/images/160000011920.jpg",IGA,NSW,2060
Gatorade Orange Ice Sports Drink, 600 Millilitre, $2.25,$2.25 was $3.80$0.38/100ml,https://new.igashop.com.au/sm/pickup/rsid/52511/product/gatorade-orange-ice-sports-drink-657792,"https://cdn.metcash.media/image/upload/w_1500,h_1500,c_pad,b_auto/igashop/images/657792.jpg",IGA,NSW,2060
Gatorade Strawberry Sports Drink, 600 Millilitre, $2.25,$2.25 was $3.80$0.38/100ml,https://new.igashop.com.au/sm/pickup/rsid/52511/product/gatorade-strawberry-sports-drink-612153,"https://cdn.metcash.media/image/upload/w_1500,h_1500,c_pad,b_auto/igashop/images/612153.jpg",IGA,NSW,2060
